[
{
    "model": "admin.logentry",
    "pk": 1,
    "fields": {
        "action_time": "2022-10-25T10:03:55.706Z",
        "user": 1,
        "content_type": 9,
        "object_id": "1",
        "object_repr": "Berry",
        "action_flag": 1,
        "change_message": "[{\"added\": {}}]"
    }
},
{
    "model": "admin.logentry",
    "pk": 2,
    "fields": {
        "action_time": "2022-10-25T10:06:26.982Z",
        "user": 1,
        "content_type": 8,
        "object_id": "1",
        "object_repr": "Strawberry",
        "action_flag": 1,
        "change_message": "[{\"added\": {}}]"
    }
},
{
    "model": "admin.logentry",
    "pk": 3,
    "fields": {
        "action_time": "2022-10-25T10:07:55.458Z",
        "user": 1,
        "content_type": 7,
        "object_id": "1",
        "object_repr": "ERTWERT",
        "action_flag": 1,
        "change_message": "[{\"added\": {}}]"
    }
},
{
    "model": "admin.logentry",
    "pk": 4,
    "fields": {
        "action_time": "2022-10-28T12:26:01.264Z",
        "user": 1,
        "content_type": 13,
        "object_id": "1",
        "object_repr": "Main information",
        "action_flag": 1,
        "change_message": "[{\"added\": {}}]"
    }
},
{
    "model": "admin.logentry",
    "pk": 5,
    "fields": {
        "action_time": "2022-10-28T12:32:23.982Z",
        "user": 1,
        "content_type": 12,
        "object_id": "1",
        "object_repr": "Contacts",
        "action_flag": 1,
        "change_message": "[{\"added\": {}}]"
    }
},
{
    "model": "admin.logentry",
    "pk": 6,
    "fields": {
        "action_time": "2022-10-28T12:33:01.745Z",
        "user": 1,
        "content_type": 14,
        "object_id": "1",
        "object_repr": "Logo1",
        "action_flag": 1,
        "change_message": "[{\"added\": {}}]"
    }
},
{
    "model": "admin.logentry",
    "pk": 7,
    "fields": {
        "action_time": "2022-10-28T12:33:26.011Z",
        "user": 1,
        "content_type": 14,
        "object_id": "2",
        "object_repr": "logo2",
        "action_flag": 1,
        "change_message": "[{\"added\": {}}]"
    }
},
{
    "model": "admin.logentry",
    "pk": 8,
    "fields": {
        "action_time": "2022-10-28T14:10:59.051Z",
        "user": 1,
        "content_type": 13,
        "object_id": "1",
        "object_repr": "Main information",
        "action_flag": 2,
        "change_message": "[{\"changed\": {\"fields\": [\"Main background\"]}}]"
    }
},
{
    "model": "admin.logentry",
    "pk": 9,
    "fields": {
        "action_time": "2022-10-28T14:50:26.235Z",
        "user": 1,
        "content_type": 8,
        "object_id": "1",
        "object_repr": "Strawberry",
        "action_flag": 2,
        "change_message": "[{\"changed\": {\"fields\": [\"Description [en]\", \"Photo\"]}}]"
    }
},
{
    "model": "admin.logentry",
    "pk": 10,
    "fields": {
        "action_time": "2022-10-28T14:52:13.129Z",
        "user": 1,
        "content_type": 8,
        "object_id": "2",
        "object_repr": "Lemon",
        "action_flag": 1,
        "change_message": "[{\"added\": {}}]"
    }
},
{
    "model": "admin.logentry",
    "pk": 11,
    "fields": {
        "action_time": "2022-10-28T14:52:25.124Z",
        "user": 1,
        "content_type": 9,
        "object_id": "2",
        "object_repr": "Fruit",
        "action_flag": 1,
        "change_message": "[{\"added\": {}}]"
    }
},
{
    "model": "admin.logentry",
    "pk": 12,
    "fields": {
        "action_time": "2022-10-28T14:52:36.800Z",
        "user": 1,
        "content_type": 8,
        "object_id": "2",
        "object_repr": "Lemon",
        "action_flag": 2,
        "change_message": "[{\"changed\": {\"fields\": [\"Category\"]}}]"
    }
},
{
    "model": "admin.logentry",
    "pk": 13,
    "fields": {
        "action_time": "2022-10-28T14:54:24.670Z",
        "user": 1,
        "content_type": 8,
        "object_id": "3",
        "object_repr": "Apple",
        "action_flag": 1,
        "change_message": "[{\"added\": {}}]"
    }
},
{
    "model": "admin.logentry",
    "pk": 14,
    "fields": {
        "action_time": "2022-10-28T14:56:14.744Z",
        "user": 1,
        "content_type": 8,
        "object_id": "4",
        "object_repr": "Redberry",
        "action_flag": 1,
        "change_message": "[{\"added\": {}}]"
    }
},
{
    "model": "admin.logentry",
    "pk": 15,
    "fields": {
        "action_time": "2022-10-28T19:27:14.720Z",
        "user": 1,
        "content_type": 8,
        "object_id": "4",
        "object_repr": "Redberry",
        "action_flag": 2,
        "change_message": "[{\"changed\": {\"fields\": [\"Unit [en]\"]}}]"
    }
},
{
    "model": "admin.logentry",
    "pk": 16,
    "fields": {
        "action_time": "2022-10-28T19:35:20.709Z",
        "user": 1,
        "content_type": 7,
        "object_id": "1",
        "object_repr": "ERTWERT",
        "action_flag": 2,
        "change_message": "[]"
    }
},
{
    "model": "admin.logentry",
    "pk": 17,
    "fields": {
        "action_time": "2022-10-28T19:39:21.958Z",
        "user": 1,
        "content_type": 7,
        "object_id": "1",
        "object_repr": "ERTWERT",
        "action_flag": 2,
        "change_message": "[{\"changed\": {\"fields\": [\"Is visible\"]}}]"
    }
},
{
    "model": "admin.logentry",
    "pk": 18,
    "fields": {
        "action_time": "2022-10-28T19:39:35.095Z",
        "user": 1,
        "content_type": 7,
        "object_id": "1",
        "object_repr": "ERTWERT",
        "action_flag": 2,
        "change_message": "[{\"changed\": {\"fields\": [\"Is visible\"]}}]"
    }
},
{
    "model": "admin.logentry",
    "pk": 19,
    "fields": {
        "action_time": "2022-10-28T19:39:46.036Z",
        "user": 1,
        "content_type": 8,
        "object_id": "4",
        "object_repr": "Redberry",
        "action_flag": 2,
        "change_message": "[{\"changed\": {\"fields\": [\"Is visible\"]}}]"
    }
},
{
    "model": "admin.logentry",
    "pk": 20,
    "fields": {
        "action_time": "2022-10-28T19:39:52.055Z",
        "user": 1,
        "content_type": 8,
        "object_id": "3",
        "object_repr": "Apple",
        "action_flag": 2,
        "change_message": "[{\"changed\": {\"fields\": [\"Is visible\"]}}]"
    }
},
{
    "model": "admin.logentry",
    "pk": 21,
    "fields": {
        "action_time": "2022-10-28T19:40:15.510Z",
        "user": 1,
        "content_type": 8,
        "object_id": "3",
        "object_repr": "Apple",
        "action_flag": 2,
        "change_message": "[{\"changed\": {\"fields\": [\"Is visible\"]}}]"
    }
},
{
    "model": "admin.logentry",
    "pk": 22,
    "fields": {
        "action_time": "2022-10-28T19:40:22.024Z",
        "user": 1,
        "content_type": 8,
        "object_id": "4",
        "object_repr": "Redberry",
        "action_flag": 2,
        "change_message": "[{\"changed\": {\"fields\": [\"Is visible\"]}}]"
    }
},
{
    "model": "admin.logentry",
    "pk": 23,
    "fields": {
        "action_time": "2022-10-28T19:42:09.588Z",
        "user": 1,
        "content_type": 7,
        "object_id": "1",
        "object_repr": "ERTWERT",
        "action_flag": 2,
        "change_message": "[{\"changed\": {\"fields\": [\"Photo\"]}}]"
    }
},
{
    "model": "admin.logentry",
    "pk": 24,
    "fields": {
        "action_time": "2022-10-28T19:42:57.395Z",
        "user": 1,
        "content_type": 7,
        "object_id": "1",
        "object_repr": "ERTWERT",
        "action_flag": 3,
        "change_message": ""
    }
},
{
    "model": "admin.logentry",
    "pk": 25,
    "fields": {
        "action_time": "2022-10-28T19:45:20.536Z",
        "user": 1,
        "content_type": 7,
        "object_id": "2",
        "object_repr": "QRWWETWERTERT",
        "action_flag": 1,
        "change_message": "[{\"added\": {}}]"
    }
},
{
    "model": "admin.logentry",
    "pk": 26,
    "fields": {
        "action_time": "2022-10-29T09:01:02.136Z",
        "user": 1,
        "content_type": 7,
        "object_id": "2",
        "object_repr": "QRWWETWERTERT",
        "action_flag": 2,
        "change_message": "[{\"changed\": {\"fields\": [\"Description [en]\"]}}]"
    }
},
{
    "model": "admin.logentry",
    "pk": 27,
    "fields": {
        "action_time": "2022-10-29T09:02:24.297Z",
        "user": 1,
        "content_type": 7,
        "object_id": "2",
        "object_repr": "QRWWETWERTERT",
        "action_flag": 2,
        "change_message": "[{\"changed\": {\"fields\": [\"Description [en]\"]}}]"
    }
},
{
    "model": "admin.logentry",
    "pk": 28,
    "fields": {
        "action_time": "2022-10-29T09:02:49.339Z",
        "user": 1,
        "content_type": 7,
        "object_id": "2",
        "object_repr": "QRWWETWERTERT",
        "action_flag": 2,
        "change_message": "[{\"changed\": {\"fields\": [\"Description [en]\"]}}]"
    }
},
{
    "model": "admin.logentry",
    "pk": 29,
    "fields": {
        "action_time": "2022-10-29T09:03:29.066Z",
        "user": 1,
        "content_type": 7,
        "object_id": "2",
        "object_repr": "QRWWETWERTERT",
        "action_flag": 2,
        "change_message": "[{\"changed\": {\"fields\": [\"Description [en]\"]}}]"
    }
},
{
    "model": "admin.logentry",
    "pk": 30,
    "fields": {
        "action_time": "2022-10-29T09:03:52.557Z",
        "user": 1,
        "content_type": 7,
        "object_id": "2",
        "object_repr": "QRWWETWERTERT",
        "action_flag": 2,
        "change_message": "[{\"changed\": {\"fields\": [\"Description [en]\"]}}]"
    }
},
{
    "model": "admin.logentry",
    "pk": 31,
    "fields": {
        "action_time": "2022-10-29T09:04:47.725Z",
        "user": 1,
        "content_type": 7,
        "object_id": "2",
        "object_repr": "QRWWETWERTERT",
        "action_flag": 2,
        "change_message": "[{\"changed\": {\"fields\": [\"Description [en]\"]}}]"
    }
},
{
    "model": "admin.logentry",
    "pk": 32,
    "fields": {
        "action_time": "2022-10-29T09:05:19.680Z",
        "user": 1,
        "content_type": 7,
        "object_id": "2",
        "object_repr": "QRWWETWERTERT",
        "action_flag": 2,
        "change_message": "[{\"changed\": {\"fields\": [\"Description [en]\"]}}]"
    }
},
{
    "model": "admin.logentry",
    "pk": 33,
    "fields": {
        "action_time": "2022-10-29T09:42:00.181Z",
        "user": 1,
        "content_type": 15,
        "object_id": "1",
        "object_repr": "Ssdlfkjsd",
        "action_flag": 1,
        "change_message": "[{\"added\": {}}]"
    }
},
{
    "model": "admin.logentry",
    "pk": 34,
    "fields": {
        "action_time": "2022-10-29T09:42:54.197Z",
        "user": 1,
        "content_type": 15,
        "object_id": "2",
        "object_repr": "Fgfgkjglk",
        "action_flag": 1,
        "change_message": "[{\"added\": {}}]"
    }
},
{
    "model": "admin.logentry",
    "pk": 35,
    "fields": {
        "action_time": "2022-10-29T09:44:31.302Z",
        "user": 1,
        "content_type": 15,
        "object_id": "3",
        "object_repr": "Ghfhdhlkdfjgldkj",
        "action_flag": 1,
        "change_message": "[{\"added\": {}}]"
    }
},
{
    "model": "admin.logentry",
    "pk": 36,
    "fields": {
        "action_time": "2022-10-29T09:45:08.644Z",
        "user": 1,
        "content_type": 15,
        "object_id": "2",
        "object_repr": "Fgfgkjglk",
        "action_flag": 2,
        "change_message": "[{\"changed\": {\"fields\": [\"Review [en]\"]}}]"
    }
},
{
    "model": "admin.logentry",
    "pk": 37,
    "fields": {
        "action_time": "2022-10-29T09:59:04.042Z",
        "user": 1,
        "content_type": 10,
        "object_id": "1",
        "object_repr": "About",
        "action_flag": 1,
        "change_message": "[{\"added\": {}}]"
    }
},
{
    "model": "admin.logentry",
    "pk": 38,
    "fields": {
        "action_time": "2022-10-29T09:59:22.995Z",
        "user": 1,
        "content_type": 10,
        "object_id": "1",
        "object_repr": "About",
        "action_flag": 2,
        "change_message": "[{\"changed\": {\"fields\": [\"Photo\"]}}]"
    }
},
{
    "model": "admin.logentry",
    "pk": 39,
    "fields": {
        "action_time": "2022-10-29T09:59:44.923Z",
        "user": 1,
        "content_type": 11,
        "object_id": "1",
        "object_repr": "Banner_1",
        "action_flag": 1,
        "change_message": "[{\"added\": {}}]"
    }
},
{
    "model": "admin.logentry",
    "pk": 40,
    "fields": {
        "action_time": "2022-10-30T07:42:30.310Z",
        "user": 1,
        "content_type": 10,
        "object_id": "1",
        "object_repr": "About",
        "action_flag": 2,
        "change_message": "[{\"changed\": {\"fields\": [\"Photo\"]}}]"
    }
},
{
    "model": "admin.logentry",
    "pk": 41,
    "fields": {
        "action_time": "2022-10-30T07:42:51.173Z",
        "user": 1,
        "content_type": 10,
        "object_id": "1",
        "object_repr": "About",
        "action_flag": 3,
        "change_message": ""
    }
},
{
    "model": "admin.logentry",
    "pk": 42,
    "fields": {
        "action_time": "2022-10-30T07:49:47.050Z",
        "user": 1,
        "content_type": 10,
        "object_id": "2",
        "object_repr": "About",
        "action_flag": 1,
        "change_message": "[{\"added\": {}}]"
    }
},
{
    "model": "admin.logentry",
    "pk": 43,
    "fields": {
        "action_time": "2022-10-31T13:20:11.587Z",
        "user": 1,
        "content_type": 8,
        "object_id": "1",
        "object_repr": "Strawberry",
        "action_flag": 2,
        "change_message": "[{\"changed\": {\"fields\": [\"Photo\"]}}]"
    }
},
{
    "model": "admin.logentry",
    "pk": 44,
    "fields": {
        "action_time": "2022-10-31T13:20:23.685Z",
        "user": 1,
        "content_type": 8,
        "object_id": "2",
        "object_repr": "Lemon",
        "action_flag": 2,
        "change_message": "[{\"changed\": {\"fields\": [\"Photo\"]}}]"
    }
},
{
    "model": "admin.logentry",
    "pk": 45,
    "fields": {
        "action_time": "2022-10-31T13:20:35.832Z",
        "user": 1,
        "content_type": 8,
        "object_id": "3",
        "object_repr": "Apple",
        "action_flag": 2,
        "change_message": "[{\"changed\": {\"fields\": [\"Photo\"]}}]"
    }
},
{
    "model": "admin.logentry",
    "pk": 46,
    "fields": {
        "action_time": "2022-10-31T13:20:46.999Z",
        "user": 1,
        "content_type": 8,
        "object_id": "4",
        "object_repr": "Redberry",
        "action_flag": 2,
        "change_message": "[{\"changed\": {\"fields\": [\"Photo\"]}}]"
    }
},
{
    "model": "admin.logentry",
    "pk": 47,
    "fields": {
        "action_time": "2022-11-01T10:32:45.860Z",
        "user": 1,
        "content_type": 17,
        "object_id": "5",
        "object_repr": "name - Some subject",
        "action_flag": 3,
        "change_message": ""
    }
},
{
    "model": "admin.logentry",
    "pk": 48,
    "fields": {
        "action_time": "2022-11-01T10:32:45.869Z",
        "user": 1,
        "content_type": 17,
        "object_id": "4",
        "object_repr": "name - Some subject",
        "action_flag": 3,
        "change_message": ""
    }
},
{
    "model": "admin.logentry",
    "pk": 49,
    "fields": {
        "action_time": "2022-11-01T10:32:45.874Z",
        "user": 1,
        "content_type": 17,
        "object_id": "3",
        "object_repr": "name - Some subject",
        "action_flag": 3,
        "change_message": ""
    }
},
{
    "model": "admin.logentry",
    "pk": 50,
    "fields": {
        "action_time": "2022-11-01T10:32:45.879Z",
        "user": 1,
        "content_type": 17,
        "object_id": "2",
        "object_repr": "name - Some subject",
        "action_flag": 3,
        "change_message": ""
    }
},
{
    "model": "admin.logentry",
    "pk": 51,
    "fields": {
        "action_time": "2022-11-01T10:32:45.884Z",
        "user": 1,
        "content_type": 17,
        "object_id": "1",
        "object_repr": "sfsdf - Some subject",
        "action_flag": 3,
        "change_message": ""
    }
},
{
    "model": "admin.logentry",
    "pk": 52,
    "fields": {
        "action_time": "2022-11-01T10:41:25.691Z",
        "user": 1,
        "content_type": 17,
        "object_id": "9",
        "object_repr": "name - Some subject",
        "action_flag": 3,
        "change_message": ""
    }
},
{
    "model": "admin.logentry",
    "pk": 53,
    "fields": {
        "action_time": "2022-11-01T10:41:25.700Z",
        "user": 1,
        "content_type": 17,
        "object_id": "8",
        "object_repr": "name - Some subject",
        "action_flag": 3,
        "change_message": ""
    }
},
{
    "model": "admin.logentry",
    "pk": 54,
    "fields": {
        "action_time": "2022-11-01T10:41:25.705Z",
        "user": 1,
        "content_type": 17,
        "object_id": "7",
        "object_repr": "name - Some subject",
        "action_flag": 3,
        "change_message": ""
    }
},
{
    "model": "admin.logentry",
    "pk": 55,
    "fields": {
        "action_time": "2022-11-01T10:41:25.711Z",
        "user": 1,
        "content_type": 17,
        "object_id": "6",
        "object_repr": "name - Some subject",
        "action_flag": 3,
        "change_message": ""
    }
},
{
    "model": "admin.logentry",
    "pk": 56,
    "fields": {
        "action_time": "2022-11-05T11:53:27.440Z",
        "user": 1,
        "content_type": 8,
        "object_id": "4",
        "object_repr": "Redberry",
        "action_flag": 2,
        "change_message": "[{\"changed\": {\"fields\": [\"Slug\"]}}]"
    }
},
{
    "model": "admin.logentry",
    "pk": 57,
    "fields": {
        "action_time": "2022-11-15T16:08:26.992Z",
        "user": 1,
        "content_type": 10,
        "object_id": "2",
        "object_repr": "About",
        "action_flag": 3,
        "change_message": ""
    }
},
{
    "model": "admin.logentry",
    "pk": 58,
    "fields": {
        "action_time": "2022-11-15T16:09:06.214Z",
        "user": 1,
        "content_type": 9,
        "object_id": "3",
        "object_repr": "Juice",
        "action_flag": 1,
        "change_message": "[{\"added\": {}}]"
    }
},
{
    "model": "admin.logentry",
    "pk": 59,
    "fields": {
        "action_time": "2022-11-15T16:09:17.366Z",
        "user": 1,
        "content_type": 9,
        "object_id": "2",
        "object_repr": "Fruit",
        "action_flag": 2,
        "change_message": "[{\"changed\": {\"fields\": [\"Name [uk]\"]}}]"
    }
},
{
    "model": "admin.logentry",
    "pk": 60,
    "fields": {
        "action_time": "2022-11-15T16:09:24.455Z",
        "user": 1,
        "content_type": 9,
        "object_id": "1",
        "object_repr": "Berry",
        "action_flag": 2,
        "change_message": "[{\"changed\": {\"fields\": [\"Name [uk]\"]}}]"
    }
},
{
    "model": "admin.logentry",
    "pk": 61,
    "fields": {
        "action_time": "2022-11-15T16:21:30.048Z",
        "user": 1,
        "content_type": 13,
        "object_id": "1",
        "object_repr": "Main information",
        "action_flag": 2,
        "change_message": "[{\"changed\": {\"fields\": [\"Main title line 1 [uk]\", \"Main title line 2 [uk]\", \"About title line 1 [uk]\", \"About title line 2 [uk]\", \"Contact title line 1 [uk]\", \"Contact title line 2 [uk]\", \"Shop title line 1 [uk]\", \"Shop title line 2 [uk]\", \"Related prod title [en]\", \"Related prod title [uk]\"]}}]"
    }
},
{
    "model": "admin.logentry",
    "pk": 62,
    "fields": {
        "action_time": "2022-11-15T16:23:07.558Z",
        "user": 1,
        "content_type": 14,
        "object_id": "3",
        "object_repr": "logo3",
        "action_flag": 1,
        "change_message": "[{\"added\": {}}]"
    }
},
{
    "model": "admin.logentry",
    "pk": 63,
    "fields": {
        "action_time": "2022-11-15T16:23:15.223Z",
        "user": 1,
        "content_type": 14,
        "object_id": "1",
        "object_repr": "logo1",
        "action_flag": 2,
        "change_message": "[{\"changed\": {\"fields\": [\"Name\"]}}]"
    }
},
{
    "model": "admin.logentry",
    "pk": 64,
    "fields": {
        "action_time": "2022-11-15T16:23:29.686Z",
        "user": 1,
        "content_type": 14,
        "object_id": "4",
        "object_repr": "logo4",
        "action_flag": 1,
        "change_message": "[{\"added\": {}}]"
    }
},
{
    "model": "admin.logentry",
    "pk": 65,
    "fields": {
        "action_time": "2022-11-15T16:23:49.590Z",
        "user": 1,
        "content_type": 14,
        "object_id": "5",
        "object_repr": "logo5",
        "action_flag": 1,
        "change_message": "[{\"added\": {}}]"
    }
},
{
    "model": "admin.logentry",
    "pk": 66,
    "fields": {
        "action_time": "2022-11-15T16:30:25.711Z",
        "user": 1,
        "content_type": 8,
        "object_id": "5",
        "object_repr": "Kiwi",
        "action_flag": 1,
        "change_message": "[{\"added\": {}}]"
    }
},
{
    "model": "admin.logentry",
    "pk": 67,
    "fields": {
        "action_time": "2022-11-15T16:33:44.857Z",
        "user": 1,
        "content_type": 8,
        "object_id": "6",
        "object_repr": "Grape",
        "action_flag": 1,
        "change_message": "[{\"added\": {}}]"
    }
},
{
    "model": "admin.logentry",
    "pk": 68,
    "fields": {
        "action_time": "2022-11-15T16:33:51.805Z",
        "user": 1,
        "content_type": 8,
        "object_id": "6",
        "object_repr": "Grape",
        "action_flag": 2,
        "change_message": "[]"
    }
},
{
    "model": "admin.logentry",
    "pk": 69,
    "fields": {
        "action_time": "2022-11-15T16:43:18.266Z",
        "user": 1,
        "content_type": 7,
        "object_id": "2",
        "object_repr": "Only this time!",
        "action_flag": 2,
        "change_message": "[{\"changed\": {\"fields\": [\"Type [uk]\", \"Promo product [uk]\", \"Title [en]\", \"Title [uk]\", \"Description [uk]\", \"Photo\"]}}]"
    }
},
{
    "model": "admin.logentry",
    "pk": 70,
    "fields": {
        "action_time": "2022-11-15T16:44:35.247Z",
        "user": 1,
        "content_type": 8,
        "object_id": "2",
        "object_repr": "Лимон",
        "action_flag": 2,
        "change_message": "[{\"changed\": {\"fields\": [\"Name [uk]\", \"Description [uk]\", \"Unit [uk]\"]}}]"
    }
},
{
    "model": "admin.logentry",
    "pk": 71,
    "fields": {
        "action_time": "2022-11-15T16:44:54.968Z",
        "user": 1,
        "content_type": 8,
        "object_id": "1",
        "object_repr": "Полуниця",
        "action_flag": 2,
        "change_message": "[{\"changed\": {\"fields\": [\"Name [uk]\", \"Description [uk]\", \"Unit [uk]\"]}}]"
    }
},
{
    "model": "admin.logentry",
    "pk": 72,
    "fields": {
        "action_time": "2022-11-15T16:45:18.780Z",
        "user": 1,
        "content_type": 8,
        "object_id": "3",
        "object_repr": "Яблуко",
        "action_flag": 2,
        "change_message": "[{\"changed\": {\"fields\": [\"Name [uk]\", \"Description [uk]\", \"Unit [uk]\"]}}]"
    }
},
{
    "model": "admin.logentry",
    "pk": 73,
    "fields": {
        "action_time": "2022-11-15T16:45:44.522Z",
        "user": 1,
        "content_type": 8,
        "object_id": "4",
        "object_repr": "Малина",
        "action_flag": 2,
        "change_message": "[{\"changed\": {\"fields\": [\"Name [uk]\", \"Description [uk]\", \"Unit [uk]\"]}}]"
    }
},
{
    "model": "admin.logentry",
    "pk": 74,
    "fields": {
        "action_time": "2022-11-15T16:45:50.575Z",
        "user": 1,
        "content_type": 8,
        "object_id": "5",
        "object_repr": "Ківі",
        "action_flag": 2,
        "change_message": "[]"
    }
},
{
    "model": "admin.logentry",
    "pk": 75,
    "fields": {
        "action_time": "2022-11-15T16:45:54.597Z",
        "user": 1,
        "content_type": 8,
        "object_id": "6",
        "object_repr": "Виноград",
        "action_flag": 2,
        "change_message": "[]"
    }
},
{
    "model": "admin.logentry",
    "pk": 76,
    "fields": {
        "action_time": "2022-11-15T16:46:32.473Z",
        "user": 1,
        "content_type": 8,
        "object_id": "1",
        "object_repr": "Полуниця",
        "action_flag": 2,
        "change_message": "[{\"changed\": {\"fields\": [\"Unit [en]\", \"Unit [uk]\"]}}]"
    }
},
{
    "model": "admin.logentry",
    "pk": 77,
    "fields": {
        "action_time": "2022-11-15T16:46:39.921Z",
        "user": 1,
        "content_type": 8,
        "object_id": "2",
        "object_repr": "Лимон",
        "action_flag": 2,
        "change_message": "[{\"changed\": {\"fields\": [\"Unit [en]\", \"Unit [uk]\"]}}]"
    }
},
{
    "model": "admin.logentry",
    "pk": 78,
    "fields": {
        "action_time": "2022-11-15T16:46:47.206Z",
        "user": 1,
        "content_type": 8,
        "object_id": "3",
        "object_repr": "Яблуко",
        "action_flag": 2,
        "change_message": "[{\"changed\": {\"fields\": [\"Unit [en]\", \"Unit [uk]\"]}}]"
    }
},
{
    "model": "admin.logentry",
    "pk": 79,
    "fields": {
        "action_time": "2022-11-15T16:46:53.369Z",
        "user": 1,
        "content_type": 8,
        "object_id": "3",
        "object_repr": "Яблуко",
        "action_flag": 2,
        "change_message": "[]"
    }
},
{
    "model": "admin.logentry",
    "pk": 80,
    "fields": {
        "action_time": "2022-11-15T16:46:58.540Z",
        "user": 1,
        "content_type": 8,
        "object_id": "4",
        "object_repr": "Малина",
        "action_flag": 2,
        "change_message": "[]"
    }
},
{
    "model": "admin.logentry",
    "pk": 81,
    "fields": {
        "action_time": "2022-11-15T16:47:05.768Z",
        "user": 1,
        "content_type": 8,
        "object_id": "5",
        "object_repr": "Ківі",
        "action_flag": 2,
        "change_message": "[{\"changed\": {\"fields\": [\"Unit [en]\", \"Unit [uk]\"]}}]"
    }
},
{
    "model": "admin.logentry",
    "pk": 82,
    "fields": {
        "action_time": "2022-11-15T16:47:12.217Z",
        "user": 1,
        "content_type": 8,
        "object_id": "6",
        "object_repr": "Виноград",
        "action_flag": 2,
        "change_message": "[{\"changed\": {\"fields\": [\"Unit [en]\", \"Unit [uk]\"]}}]"
    }
},
{
    "model": "admin.logentry",
    "pk": 83,
    "fields": {
        "action_time": "2022-11-16T15:48:50.521Z",
        "user": 1,
        "content_type": 8,
        "object_id": "7",
        "object_repr": "Banana-Lemon Juice",
        "action_flag": 1,
        "change_message": "[{\"added\": {}}]"
    }
},
{
    "model": "admin.logentry",
    "pk": 84,
    "fields": {
        "action_time": "2022-11-16T15:50:13.168Z",
        "user": 1,
        "content_type": 8,
        "object_id": "7",
        "object_repr": "Banana-Lemon Juice",
        "action_flag": 2,
        "change_message": "[{\"changed\": {\"fields\": [\"Unit [en]\", \"Unit [uk]\"]}}]"
    }
},
{
    "model": "admin.logentry",
    "pk": 85,
    "fields": {
        "action_time": "2022-11-16T15:55:09.253Z",
        "user": 1,
        "content_type": 8,
        "object_id": "8",
        "object_repr": "Orange Juice",
        "action_flag": 1,
        "change_message": "[{\"added\": {}}]"
    }
},
{
    "model": "admin.logentry",
    "pk": 86,
    "fields": {
        "action_time": "2022-11-16T16:01:43.878Z",
        "user": 1,
        "content_type": 8,
        "object_id": "9",
        "object_repr": "Berry Mix Juice",
        "action_flag": 1,
        "change_message": "[{\"added\": {}}]"
    }
},
{
    "model": "admin.logentry",
    "pk": 87,
    "fields": {
        "action_time": "2022-11-16T16:05:20.937Z",
        "user": 1,
        "content_type": 8,
        "object_id": "10",
        "object_repr": "Grape Juice",
        "action_flag": 1,
        "change_message": "[{\"added\": {}}]"
    }
},
{
    "model": "admin.logentry",
    "pk": 88,
    "fields": {
        "action_time": "2022-11-16T16:10:20.473Z",
        "user": 1,
        "content_type": 8,
        "object_id": "11",
        "object_repr": "Kiwi Apple Juice",
        "action_flag": 1,
        "change_message": "[{\"added\": {}}]"
    }
},
{
    "model": "admin.logentry",
    "pk": 89,
    "fields": {
        "action_time": "2022-11-16T16:12:29.430Z",
        "user": 1,
        "content_type": 8,
        "object_id": "12",
        "object_repr": "Orange Lemon Juice",
        "action_flag": 1,
        "change_message": "[{\"added\": {}}]"
    }
},
{
    "model": "admin.logentry",
    "pk": 90,
    "fields": {
        "action_time": "2022-11-16T16:12:55.119Z",
        "user": 1,
        "content_type": 8,
        "object_id": "6",
        "object_repr": "Grape",
        "action_flag": 3,
        "change_message": ""
    }
},
{
    "model": "admin.logentry",
    "pk": 91,
    "fields": {
        "action_time": "2022-11-16T16:23:00.512Z",
        "user": 1,
        "content_type": 8,
        "object_id": "1",
        "object_repr": "Strawberry",
        "action_flag": 2,
        "change_message": "[{\"changed\": {\"fields\": [\"Description [en]\", \"Description [uk]\", \"Photo\", \"Price\"]}}]"
    }
},
{
    "model": "admin.logentry",
    "pk": 92,
    "fields": {
        "action_time": "2022-11-16T16:25:13.998Z",
        "user": 1,
        "content_type": 8,
        "object_id": "2",
        "object_repr": "Lemon",
        "action_flag": 2,
        "change_message": "[{\"changed\": {\"fields\": [\"Description [en]\", \"Description [uk]\", \"Price\"]}}]"
    }
},
{
    "model": "admin.logentry",
    "pk": 93,
    "fields": {
        "action_time": "2022-11-16T16:27:13.492Z",
        "user": 1,
        "content_type": 8,
        "object_id": "3",
        "object_repr": "Apple",
        "action_flag": 2,
        "change_message": "[{\"changed\": {\"fields\": [\"Description [en]\", \"Description [uk]\", \"Price\"]}}]"
    }
},
{
    "model": "admin.logentry",
    "pk": 94,
    "fields": {
        "action_time": "2022-11-16T16:29:16.181Z",
        "user": 1,
        "content_type": 8,
        "object_id": "4",
        "object_repr": "Raspberry",
        "action_flag": 2,
        "change_message": "[{\"changed\": {\"fields\": [\"Name [en]\", \"Description [en]\", \"Description [uk]\", \"Price\"]}}]"
    }
},
{
    "model": "admin.logentry",
    "pk": 95,
    "fields": {
        "action_time": "2022-11-16T16:31:15.214Z",
        "user": 1,
        "content_type": 8,
        "object_id": "5",
        "object_repr": "Kiwi",
        "action_flag": 2,
        "change_message": "[{\"changed\": {\"fields\": [\"Description [en]\", \"Description [uk]\"]}}]"
    }
},
{
    "model": "admin.logentry",
    "pk": 96,
    "fields": {
        "action_time": "2022-11-16T16:37:32.689Z",
        "user": 1,
        "content_type": 7,
        "object_id": "2",
        "object_repr": "Тільки зараз!",
        "action_flag": 2,
        "change_message": "[{\"changed\": {\"fields\": [\"Description [en]\"]}}]"
    }
},
{
    "model": "admin.logentry",
    "pk": 97,
    "fields": {
        "action_time": "2022-11-16T16:40:52.928Z",
        "user": 1,
        "content_type": 15,
        "object_id": "1",
        "object_repr": "Джек Стінсон",
        "action_flag": 2,
        "change_message": "[{\"changed\": {\"fields\": [\"Name [en]\", \"Name [uk]\", \"Profession [en]\", \"Profession [uk]\", \"Review [en]\", \"Review [uk]\", \"Photo\"]}}]"
    }
},
{
    "model": "admin.logentry",
    "pk": 98,
    "fields": {
        "action_time": "2022-11-16T16:43:57.717Z",
        "user": 1,
        "content_type": 15,
        "object_id": "2",
        "object_repr": "Марія Борун",
        "action_flag": 2,
        "change_message": "[{\"changed\": {\"fields\": [\"Name [en]\", \"Name [uk]\", \"Profession [en]\", \"Profession [uk]\", \"Review [en]\", \"Review [uk]\", \"Photo\"]}}]"
    }
},
{
    "model": "admin.logentry",
    "pk": 99,
    "fields": {
        "action_time": "2022-11-16T16:48:33.293Z",
        "user": 1,
        "content_type": 15,
        "object_id": "3",
        "object_repr": "Рос Грін",
        "action_flag": 2,
        "change_message": "[{\"changed\": {\"fields\": [\"Name [en]\", \"Name [uk]\", \"Profession [en]\", \"Profession [uk]\", \"Review [en]\", \"Review [uk]\", \"Photo\"]}}]"
    }
},
{
    "model": "admin.logentry",
    "pk": 100,
    "fields": {
        "action_time": "2022-11-16T16:59:51.609Z",
        "user": 1,
        "content_type": 10,
        "object_id": "3",
        "object_repr": "About",
        "action_flag": 1,
        "change_message": "[{\"added\": {}}]"
    }
},
{
    "model": "admin.logentry",
    "pk": 101,
    "fields": {
        "action_time": "2022-11-16T17:06:49.402Z",
        "user": 1,
        "content_type": 12,
        "object_id": "1",
        "object_repr": "Contacts",
        "action_flag": 2,
        "change_message": "[{\"changed\": {\"fields\": [\"About short [en]\", \"About short [uk]\", \"Subscribe text [uk]\", \"Facebook\", \"Instagram\", \"Linkedin\"]}}]"
    }
},
{
    "model": "admin.logentry",
    "pk": 102,
    "fields": {
        "action_time": "2022-11-16T17:22:29.639Z",
        "user": 1,
        "content_type": 12,
        "object_id": "1",
        "object_repr": "Contacts",
        "action_flag": 2,
        "change_message": "[{\"changed\": {\"fields\": [\"Text [en]\", \"Text [uk]\", \"Address [en]\", \"Address [uk]\", \"Open hours [uk]\", \"Contact [en]\", \"Contact [uk]\"]}}]"
    }
},
{
    "model": "admin.logentry",
    "pk": 103,
    "fields": {
        "action_time": "2022-11-16T17:23:29.724Z",
        "user": 1,
        "content_type": 13,
        "object_id": "1",
        "object_repr": "Main information",
        "action_flag": 2,
        "change_message": "[{\"changed\": {\"fields\": [\"Brand name\", \"Main title line 2 [en]\"]}}]"
    }
},
{
    "model": "admin.logentry",
    "pk": 104,
    "fields": {
        "action_time": "2022-11-19T20:23:08.751Z",
        "user": 1,
        "content_type": 18,
        "object_id": "3",
        "object_repr": "3. Date - 2022-11-19 20:21:25.404505+00:00. name. False",
        "action_flag": 3,
        "change_message": ""
    }
},
{
    "model": "admin.logentry",
    "pk": 105,
    "fields": {
        "action_time": "2022-11-19T20:23:08.767Z",
        "user": 1,
        "content_type": 18,
        "object_id": "2",
        "object_repr": "2. Date - 2022-11-19 20:20:42.776041+00:00. name. False",
        "action_flag": 3,
        "change_message": ""
    }
},
{
    "model": "admin.logentry",
    "pk": 106,
    "fields": {
        "action_time": "2022-11-19T20:23:08.780Z",
        "user": 1,
        "content_type": 18,
        "object_id": "1",
        "object_repr": "1. Date - 2022-11-19 20:19:43.106636+00:00. name. False",
        "action_flag": 3,
        "change_message": ""
    }
},
{
    "model": "admin.logentry",
    "pk": 107,
    "fields": {
        "action_time": "2022-11-19T20:24:30.923Z",
        "user": 1,
        "content_type": 18,
        "object_id": "4",
        "object_repr": "4. Date - 2022-11-19 20:23:43.141816+00:00. name. True",
        "action_flag": 2,
        "change_message": "[{\"changed\": {\"fields\": [\"Checked\"]}}]"
    }
},
{
    "model": "admin.logentry",
    "pk": 108,
    "fields": {
        "action_time": "2022-11-20T14:08:33.230Z",
        "user": 1,
        "content_type": 4,
        "object_id": "2",
        "object_repr": "Manager1",
        "action_flag": 1,
        "change_message": "[{\"added\": {}}]"
    }
},
{
    "model": "admin.logentry",
    "pk": 109,
    "fields": {
        "action_time": "2022-11-20T14:15:31.288Z",
        "user": 1,
        "content_type": 3,
        "object_id": "1",
        "object_repr": "Managers",
        "action_flag": 1,
        "change_message": "[{\"added\": {}}]"
    }
},
{
    "model": "admin.logentry",
    "pk": 110,
    "fields": {
        "action_time": "2022-11-20T14:16:37.551Z",
        "user": 1,
        "content_type": 4,
        "object_id": "2",
        "object_repr": "Manager1",
        "action_flag": 2,
        "change_message": "[{\"changed\": {\"fields\": [\"First name\", \"Last name\", \"Email address\", \"Staff status\", \"Groups\"]}}]"
    }
},
{
    "model": "admin.logentry",
    "pk": 111,
    "fields": {
        "action_time": "2022-11-20T14:17:36.302Z",
        "user": 2,
        "content_type": 18,
        "object_id": "11",
        "object_repr": "11. Date - 2022-11-20 14:06:08.839010+00:00. name. True",
        "action_flag": 2,
        "change_message": "[{\"changed\": {\"fields\": [\"Checked\"]}}]"
    }
},
{
    "model": "admin.logentry",
    "pk": 112,
    "fields": {
        "action_time": "2022-11-20T14:32:59.587Z",
        "user": 1,
        "content_type": 16,
        "object_id": "1",
        "object_repr": "WhyUs",
        "action_flag": 1,
        "change_message": "[{\"added\": {}}]"
    }
},
{
    "model": "admin.logentry",
    "pk": 113,
    "fields": {
        "action_time": "2022-11-20T14:33:46.725Z",
        "user": 1,
        "content_type": 16,
        "object_id": "1",
        "object_repr": "WhyUs",
        "action_flag": 2,
        "change_message": "[{\"changed\": {\"fields\": [\"Price title [en]\", \"Price title [uk]\"]}}]"
    }
},
{
    "model": "auth.permission",
    "pk": 1,
    "fields": {
        "name": "Can add log entry",
        "content_type": 1,
        "codename": "add_logentry"
    }
},
{
    "model": "auth.permission",
    "pk": 2,
    "fields": {
        "name": "Can change log entry",
        "content_type": 1,
        "codename": "change_logentry"
    }
},
{
    "model": "auth.permission",
    "pk": 3,
    "fields": {
        "name": "Can delete log entry",
        "content_type": 1,
        "codename": "delete_logentry"
    }
},
{
    "model": "auth.permission",
    "pk": 4,
    "fields": {
        "name": "Can view log entry",
        "content_type": 1,
        "codename": "view_logentry"
    }
},
{
    "model": "auth.permission",
    "pk": 5,
    "fields": {
        "name": "Can add permission",
        "content_type": 2,
        "codename": "add_permission"
    }
},
{
    "model": "auth.permission",
    "pk": 6,
    "fields": {
        "name": "Can change permission",
        "content_type": 2,
        "codename": "change_permission"
    }
},
{
    "model": "auth.permission",
    "pk": 7,
    "fields": {
        "name": "Can delete permission",
        "content_type": 2,
        "codename": "delete_permission"
    }
},
{
    "model": "auth.permission",
    "pk": 8,
    "fields": {
        "name": "Can view permission",
        "content_type": 2,
        "codename": "view_permission"
    }
},
{
    "model": "auth.permission",
    "pk": 9,
    "fields": {
        "name": "Can add group",
        "content_type": 3,
        "codename": "add_group"
    }
},
{
    "model": "auth.permission",
    "pk": 10,
    "fields": {
        "name": "Can change group",
        "content_type": 3,
        "codename": "change_group"
    }
},
{
    "model": "auth.permission",
    "pk": 11,
    "fields": {
        "name": "Can delete group",
        "content_type": 3,
        "codename": "delete_group"
    }
},
{
    "model": "auth.permission",
    "pk": 12,
    "fields": {
        "name": "Can view group",
        "content_type": 3,
        "codename": "view_group"
    }
},
{
    "model": "auth.permission",
    "pk": 13,
    "fields": {
        "name": "Can add user",
        "content_type": 4,
        "codename": "add_user"
    }
},
{
    "model": "auth.permission",
    "pk": 14,
    "fields": {
        "name": "Can change user",
        "content_type": 4,
        "codename": "change_user"
    }
},
{
    "model": "auth.permission",
    "pk": 15,
    "fields": {
        "name": "Can delete user",
        "content_type": 4,
        "codename": "delete_user"
    }
},
{
    "model": "auth.permission",
    "pk": 16,
    "fields": {
        "name": "Can view user",
        "content_type": 4,
        "codename": "view_user"
    }
},
{
    "model": "auth.permission",
    "pk": 17,
    "fields": {
        "name": "Can add content type",
        "content_type": 5,
        "codename": "add_contenttype"
    }
},
{
    "model": "auth.permission",
    "pk": 18,
    "fields": {
        "name": "Can change content type",
        "content_type": 5,
        "codename": "change_contenttype"
    }
},
{
    "model": "auth.permission",
    "pk": 19,
    "fields": {
        "name": "Can delete content type",
        "content_type": 5,
        "codename": "delete_contenttype"
    }
},
{
    "model": "auth.permission",
    "pk": 20,
    "fields": {
        "name": "Can view content type",
        "content_type": 5,
        "codename": "view_contenttype"
    }
},
{
    "model": "auth.permission",
    "pk": 21,
    "fields": {
        "name": "Can add session",
        "content_type": 6,
        "codename": "add_session"
    }
},
{
    "model": "auth.permission",
    "pk": 22,
    "fields": {
        "name": "Can change session",
        "content_type": 6,
        "codename": "change_session"
    }
},
{
    "model": "auth.permission",
    "pk": 23,
    "fields": {
        "name": "Can delete session",
        "content_type": 6,
        "codename": "delete_session"
    }
},
{
    "model": "auth.permission",
    "pk": 24,
    "fields": {
        "name": "Can view session",
        "content_type": 6,
        "codename": "view_session"
    }
},
{
    "model": "auth.permission",
    "pk": 25,
    "fields": {
        "name": "Can add promo",
        "content_type": 7,
        "codename": "add_promo"
    }
},
{
    "model": "auth.permission",
    "pk": 26,
    "fields": {
        "name": "Can change promo",
        "content_type": 7,
        "codename": "change_promo"
    }
},
{
    "model": "auth.permission",
    "pk": 27,
    "fields": {
        "name": "Can delete promo",
        "content_type": 7,
        "codename": "delete_promo"
    }
},
{
    "model": "auth.permission",
    "pk": 28,
    "fields": {
        "name": "Can view promo",
        "content_type": 7,
        "codename": "view_promo"
    }
},
{
    "model": "auth.permission",
    "pk": 29,
    "fields": {
        "name": "Can add product",
        "content_type": 8,
        "codename": "add_product"
    }
},
{
    "model": "auth.permission",
    "pk": 30,
    "fields": {
        "name": "Can change product",
        "content_type": 8,
        "codename": "change_product"
    }
},
{
    "model": "auth.permission",
    "pk": 31,
    "fields": {
        "name": "Can delete product",
        "content_type": 8,
        "codename": "delete_product"
    }
},
{
    "model": "auth.permission",
    "pk": 32,
    "fields": {
        "name": "Can view product",
        "content_type": 8,
        "codename": "view_product"
    }
},
{
    "model": "auth.permission",
    "pk": 33,
    "fields": {
        "name": "Can add category",
        "content_type": 9,
        "codename": "add_category"
    }
},
{
    "model": "auth.permission",
    "pk": 34,
    "fields": {
        "name": "Can change category",
        "content_type": 9,
        "codename": "change_category"
    }
},
{
    "model": "auth.permission",
    "pk": 35,
    "fields": {
        "name": "Can delete category",
        "content_type": 9,
        "codename": "delete_category"
    }
},
{
    "model": "auth.permission",
    "pk": 36,
    "fields": {
        "name": "Can view category",
        "content_type": 9,
        "codename": "view_category"
    }
},
{
    "model": "auth.permission",
    "pk": 37,
    "fields": {
        "name": "Can add about",
        "content_type": 10,
        "codename": "add_about"
    }
},
{
    "model": "auth.permission",
    "pk": 38,
    "fields": {
        "name": "Can change about",
        "content_type": 10,
        "codename": "change_about"
    }
},
{
    "model": "auth.permission",
    "pk": 39,
    "fields": {
        "name": "Can delete about",
        "content_type": 10,
        "codename": "delete_about"
    }
},
{
    "model": "auth.permission",
    "pk": 40,
    "fields": {
        "name": "Can view about",
        "content_type": 10,
        "codename": "view_about"
    }
},
{
    "model": "auth.permission",
    "pk": 41,
    "fields": {
        "name": "Can add banner",
        "content_type": 11,
        "codename": "add_banner"
    }
},
{
    "model": "auth.permission",
    "pk": 42,
    "fields": {
        "name": "Can change banner",
        "content_type": 11,
        "codename": "change_banner"
    }
},
{
    "model": "auth.permission",
    "pk": 43,
    "fields": {
        "name": "Can delete banner",
        "content_type": 11,
        "codename": "delete_banner"
    }
},
{
    "model": "auth.permission",
    "pk": 44,
    "fields": {
        "name": "Can view banner",
        "content_type": 11,
        "codename": "view_banner"
    }
},
{
    "model": "auth.permission",
    "pk": 45,
    "fields": {
        "name": "Can add contacts",
        "content_type": 12,
        "codename": "add_contacts"
    }
},
{
    "model": "auth.permission",
    "pk": 46,
    "fields": {
        "name": "Can change contacts",
        "content_type": 12,
        "codename": "change_contacts"
    }
},
{
    "model": "auth.permission",
    "pk": 47,
    "fields": {
        "name": "Can delete contacts",
        "content_type": 12,
        "codename": "delete_contacts"
    }
},
{
    "model": "auth.permission",
    "pk": 48,
    "fields": {
        "name": "Can view contacts",
        "content_type": 12,
        "codename": "view_contacts"
    }
},
{
    "model": "auth.permission",
    "pk": 49,
    "fields": {
        "name": "Can add info",
        "content_type": 13,
        "codename": "add_info"
    }
},
{
    "model": "auth.permission",
    "pk": 50,
    "fields": {
        "name": "Can change info",
        "content_type": 13,
        "codename": "change_info"
    }
},
{
    "model": "auth.permission",
    "pk": 51,
    "fields": {
        "name": "Can delete info",
        "content_type": 13,
        "codename": "delete_info"
    }
},
{
    "model": "auth.permission",
    "pk": 52,
    "fields": {
        "name": "Can view info",
        "content_type": 13,
        "codename": "view_info"
    }
},
{
    "model": "auth.permission",
    "pk": 53,
    "fields": {
        "name": "Can add partners",
        "content_type": 14,
        "codename": "add_partners"
    }
},
{
    "model": "auth.permission",
    "pk": 54,
    "fields": {
        "name": "Can change partners",
        "content_type": 14,
        "codename": "change_partners"
    }
},
{
    "model": "auth.permission",
    "pk": 55,
    "fields": {
        "name": "Can delete partners",
        "content_type": 14,
        "codename": "delete_partners"
    }
},
{
    "model": "auth.permission",
    "pk": 56,
    "fields": {
        "name": "Can view partners",
        "content_type": 14,
        "codename": "view_partners"
    }
},
{
    "model": "auth.permission",
    "pk": 57,
    "fields": {
        "name": "Can add testimonials",
        "content_type": 15,
        "codename": "add_testimonials"
    }
},
{
    "model": "auth.permission",
    "pk": 58,
    "fields": {
        "name": "Can change testimonials",
        "content_type": 15,
        "codename": "change_testimonials"
    }
},
{
    "model": "auth.permission",
    "pk": 59,
    "fields": {
        "name": "Can delete testimonials",
        "content_type": 15,
        "codename": "delete_testimonials"
    }
},
{
    "model": "auth.permission",
    "pk": 60,
    "fields": {
        "name": "Can view testimonials",
        "content_type": 15,
        "codename": "view_testimonials"
    }
},
{
    "model": "auth.permission",
    "pk": 61,
    "fields": {
        "name": "Can add why us",
        "content_type": 16,
        "codename": "add_whyus"
    }
},
{
    "model": "auth.permission",
    "pk": 62,
    "fields": {
        "name": "Can change why us",
        "content_type": 16,
        "codename": "change_whyus"
    }
},
{
    "model": "auth.permission",
    "pk": 63,
    "fields": {
        "name": "Can delete why us",
        "content_type": 16,
        "codename": "delete_whyus"
    }
},
{
    "model": "auth.permission",
    "pk": 64,
    "fields": {
        "name": "Can view why us",
        "content_type": 16,
        "codename": "view_whyus"
    }
},
{
    "model": "auth.permission",
    "pk": 65,
    "fields": {
        "name": "Can add user message",
        "content_type": 17,
        "codename": "add_usermessage"
    }
},
{
    "model": "auth.permission",
    "pk": 66,
    "fields": {
        "name": "Can change user message",
        "content_type": 17,
        "codename": "change_usermessage"
    }
},
{
    "model": "auth.permission",
    "pk": 67,
    "fields": {
        "name": "Can delete user message",
        "content_type": 17,
        "codename": "delete_usermessage"
    }
},
{
    "model": "auth.permission",
    "pk": 68,
    "fields": {
        "name": "Can view user message",
        "content_type": 17,
        "codename": "view_usermessage"
    }
},
{
    "model": "auth.permission",
    "pk": 69,
    "fields": {
        "name": "Can add order",
        "content_type": 18,
        "codename": "add_order"
    }
},
{
    "model": "auth.permission",
    "pk": 70,
    "fields": {
        "name": "Can change order",
        "content_type": 18,
        "codename": "change_order"
    }
},
{
    "model": "auth.permission",
    "pk": 71,
    "fields": {
        "name": "Can delete order",
        "content_type": 18,
        "codename": "delete_order"
    }
},
{
    "model": "auth.permission",
    "pk": 72,
    "fields": {
        "name": "Can view order",
        "content_type": 18,
        "codename": "view_order"
    }
},
{
    "model": "auth.permission",
    "pk": 73,
    "fields": {
        "name": "Can add order item",
        "content_type": 19,
        "codename": "add_orderitem"
    }
},
{
    "model": "auth.permission",
    "pk": 74,
    "fields": {
        "name": "Can change order item",
        "content_type": 19,
        "codename": "change_orderitem"
    }
},
{
    "model": "auth.permission",
    "pk": 75,
    "fields": {
        "name": "Can delete order item",
        "content_type": 19,
        "codename": "delete_orderitem"
    }
},
{
    "model": "auth.permission",
    "pk": 76,
    "fields": {
        "name": "Can view order item",
        "content_type": 19,
        "codename": "view_orderitem"
    }
},
{
    "model": "auth.group",
    "pk": 1,
    "fields": {
        "name": "Managers",
        "permissions": [
            30,
            32,
            57,
            58,
            59,
            60,
            66,
            68,
            69,
            70,
            71,
            72,
            73,
            74,
            75,
            76
        ]
    }
},
{
    "model": "auth.user",
    "pk": 1,
    "fields": {
        "password": "pbkdf2_sha256$390000$z8NWbLcVMoVQQ37BnedNzX$t+nSrZFiOFn9n1/UoaOwXf8O7xO6yuvJu2dung4PtHM=",
        "last_login": "2022-11-20T15:30:39.477Z",
        "is_superuser": true,
        "username": "Admin",
        "first_name": "",
        "last_name": "",
        "email": "",
        "is_staff": true,
        "is_active": true,
        "date_joined": "2022-10-23T15:45:23.408Z",
        "groups": [],
        "user_permissions": []
    }
},
{
    "model": "auth.user",
    "pk": 2,
    "fields": {
        "password": "pbkdf2_sha256$390000$XHgIsxg6mLUPoDw3oGl4oa$eyCPeWtQqmsvg9WBMpJGT5FLJ1tUaucTSxncI9pEY0g=",
        "last_login": "2022-11-20T15:30:16.800Z",
        "is_superuser": false,
        "username": "Manager1",
        "first_name": "Manager",
        "last_name": "Test",
        "email": "test@mail.com",
        "is_staff": true,
        "is_active": true,
        "date_joined": "2022-11-20T14:08:32Z",
        "groups": [
            1
        ],
        "user_permissions": []
    }
},
{
    "model": "contenttypes.contenttype",
    "pk": 1,
    "fields": {
        "app_label": "admin",
        "model": "logentry"
    }
},
{
    "model": "contenttypes.contenttype",
    "pk": 2,
    "fields": {
        "app_label": "auth",
        "model": "permission"
    }
},
{
    "model": "contenttypes.contenttype",
    "pk": 3,
    "fields": {
        "app_label": "auth",
        "model": "group"
    }
},
{
    "model": "contenttypes.contenttype",
    "pk": 4,
    "fields": {
        "app_label": "auth",
        "model": "user"
    }
},
{
    "model": "contenttypes.contenttype",
    "pk": 5,
    "fields": {
        "app_label": "contenttypes",
        "model": "contenttype"
    }
},
{
    "model": "contenttypes.contenttype",
    "pk": 6,
    "fields": {
        "app_label": "sessions",
        "model": "session"
    }
},
{
    "model": "contenttypes.contenttype",
    "pk": 7,
    "fields": {
        "app_label": "main",
        "model": "promo"
    }
},
{
    "model": "contenttypes.contenttype",
    "pk": 8,
    "fields": {
        "app_label": "main",
        "model": "product"
    }
},
{
    "model": "contenttypes.contenttype",
    "pk": 9,
    "fields": {
        "app_label": "main",
        "model": "category"
    }
},
{
    "model": "contenttypes.contenttype",
    "pk": 10,
    "fields": {
        "app_label": "main",
        "model": "about"
    }
},
{
    "model": "contenttypes.contenttype",
    "pk": 11,
    "fields": {
        "app_label": "main",
        "model": "banner"
    }
},
{
    "model": "contenttypes.contenttype",
    "pk": 12,
    "fields": {
        "app_label": "main",
        "model": "contacts"
    }
},
{
    "model": "contenttypes.contenttype",
    "pk": 13,
    "fields": {
        "app_label": "main",
        "model": "info"
    }
},
{
    "model": "contenttypes.contenttype",
    "pk": 14,
    "fields": {
        "app_label": "main",
        "model": "partners"
    }
},
{
    "model": "contenttypes.contenttype",
    "pk": 15,
    "fields": {
        "app_label": "main",
        "model": "testimonials"
    }
},
{
    "model": "contenttypes.contenttype",
    "pk": 16,
    "fields": {
        "app_label": "main",
        "model": "whyus"
    }
},
{
    "model": "contenttypes.contenttype",
    "pk": 17,
    "fields": {
        "app_label": "main",
        "model": "usermessage"
    }
},
{
    "model": "contenttypes.contenttype",
    "pk": 18,
    "fields": {
        "app_label": "orders",
        "model": "order"
    }
},
{
    "model": "contenttypes.contenttype",
    "pk": 19,
    "fields": {
        "app_label": "orders",
        "model": "orderitem"
    }
},
{
    "model": "sessions.session",
    "pk": "23bdtatis7bb39x18cn9k2r8fyhsi3wu",
    "fields": {
        "session_data": ".eJxVjEsOgzAMBe_idRWRxJCky-57BmTHTqGtQOKzQty9RWLD9s3M2yDTtMB922_Q0rp07Trr1PYCd7Bw2ZjyR4cDyJuG12jyOCxTz-ZQzEln8xxFv4_TvRx0NHf_2vvkkrAErl3xFZWINmKIFYeEyg655JgThka8RrKStM5cN1isKjqE_Qcixjs0:1ozk3f:ejcLRDWRz9bw6BrmFWQCR-2fakKJKqcvAVmzTaeXYjw",
        "expire_date": "2022-12-12T19:44:51.141Z"
    }
},
{
    "model": "main.category",
    "pk": 1,
    "fields": {
        "name": "Berry",
        "name_en": "Berry",
        "name_uk": "Ягоди",
        "is_visible": true,
        "position": 1
    }
},
{
    "model": "main.category",
    "pk": 2,
    "fields": {
        "name": "Fruit",
        "name_en": "Fruit",
        "name_uk": "Фрукти",
        "is_visible": true,
        "position": 2
    }
},
{
    "model": "main.category",
    "pk": 3,
    "fields": {
        "name": "Juice",
        "name_en": "Juice",
        "name_uk": "Сік",
        "is_visible": true,
        "position": 3
    }
},
{
    "model": "main.product",
    "pk": 1,
    "fields": {
        "slug": "strawberry",
        "name": "Strawberry",
        "name_en": "Strawberry",
        "name_uk": "Полуниця",
        "description": "<p>Ripe, sweet, and incredibly tasty strawberries. Selected berries of a premium variety will surely give you pleasure and satisfaction.</p>",
        "description_en": "<p>Ripe, sweet, and incredibly tasty strawberries. Selected berries of a premium variety will surely give you pleasure and satisfaction.</p>",
        "description_uk": "<p>Стигла, солодка та неймовірно смачна полуниця. Вдбірні ягоди преміум сорту обовьязково подарять вам насолоду та задоволення.</p>",
        "position": 1,
        "is_visible": true,
        "photo": "products/659bcf67-318c-49f8-be75-5e0e6d1243e5.jpg",
        "category": 1,
        "price": "6.00",
        "unit": "1 kg",
        "unit_en": "1 kg",
        "unit_uk": "1 кг"
    }
},
{
    "model": "main.product",
    "pk": 2,
    "fields": {
        "slug": "lemon",
        "name": "Lemon",
        "name_en": "Lemon",
        "name_uk": "Лимон",
        "description": "<p>Ripe and juicy lemon. With us, you can be sure that you will receive only selected fruits of the highest grade.</p>",
        "description_en": "<p>Ripe and juicy lemon. With us, you can be sure that you will receive only selected fruits of the highest grade.</p>",
        "description_uk": "<p>Стиглий та соковитий лимон. З нами ви можете бути впевнені, що отримаєте тільки відбірні фрукти вищого сорту.</p>",
        "position": 2,
        "is_visible": true,
        "photo": "products/a971f9c3-7d9f-47df-88ec-d7b4d69b7c98.jpg",
        "category": 2,
        "price": "4.40",
        "unit": "1 kg",
        "unit_en": "1 kg",
        "unit_uk": "1 кг"
    }
},
{
    "model": "main.product",
    "pk": 3,
    "fields": {
        "slug": "apple",
        "name": "Apple",
        "name_en": "Apple",
        "name_uk": "Яблуко",
        "description": "<p>Ripe and sweet apples. With us, you can be sure that you will receive only selected fruits of the highest grade.</p>",
        "description_en": "<p>Ripe and sweet apples. With us, you can be sure that you will receive only selected fruits of the highest grade.</p>",
        "description_uk": "<p>Стиглі та солодкі яблука. З нами ви можете бути впевнені, що отримаєте тільки відбірні фрукти вищого сорту.</p>",
        "position": 3,
        "is_visible": true,
        "photo": "products/c83723ca-262d-4136-8a7e-13eb11db5fc0.jpg",
        "category": 2,
        "price": "4.00",
        "unit": "1 kg",
        "unit_en": "1 kg",
        "unit_uk": "1 кг"
    }
},
{
    "model": "main.product",
    "pk": 4,
    "fields": {
        "slug": "redberry",
        "name": "Raspberry",
        "name_en": "Raspberry",
        "name_uk": "Малина",
        "description": "<p>Ripe, sweet and incredibly tasty raspberries. Selected berries of a premium variety will surely give you pleasure and satisfaction.</p>",
        "description_en": "<p>Ripe, sweet and incredibly tasty raspberries. Selected berries of a premium variety will surely give you pleasure and satisfaction.</p>",
        "description_uk": "<p>Стигла, солодка та неймовірно смачна малина. Вдбірні ягоди преміум сорту обовьязково подарять вам насолоду та задоволення.</p>",
        "position": 4,
        "is_visible": true,
        "photo": "products/17b11a36-0af3-40da-bf51-a8bcbfa5858a.jpg",
        "category": 1,
        "price": "6.30",
        "unit": "100 g",
        "unit_en": "100 g",
        "unit_uk": "100 г"
    }
},
{
    "model": "main.product",
    "pk": 5,
    "fields": {
        "slug": "kiwi",
        "name": "Kiwi",
        "name_en": "Kiwi",
        "name_uk": "Ківі",
        "description": "<p>Ripe and sweet kiwi. Kiwi is considered one of the most dietary products and contains a lot of useful substances necessary for the healthy functioning of the body.</p>",
        "description_en": "<p>Ripe and sweet kiwi. Kiwi is considered one of the most dietary products and contains a lot of useful substances necessary for the healthy functioning of the body.</p>",
        "description_uk": "<p>Стиглий та солодкий ківі. Ківі вважається одним із найбільш дієтичних продуктів і містить масу корисних речовин, необхідних для здорового функціонування організму.</p>\r\n\r\n<p>&nbsp;</p>",
        "position": 5,
        "is_visible": true,
        "photo": "products/da0de968-0105-4134-9131-5ee40ed9bc02.jpg",
        "category": 2,
        "price": "4.95",
        "unit": "1 kg",
        "unit_en": "1 kg",
        "unit_uk": "1 кг"
    }
},
{
    "model": "main.product",
    "pk": 7,
    "fields": {
        "slug": "banana-lemon-juice",
        "name": "Banana-Lemon Juice",
        "name_en": "Banana-Lemon Juice",
        "name_uk": "Бананово-Лимонний Сік",
        "description": "<p>Incredibly tasty banana-lemon juice. A non-standard, but very successful combination of the acidity of a lemon and the sweetness of a banana. You will definitely appreciate this blend.</p>\r\n\r\n<p>Thanks to the unique complex of biocomponents, the juice has persistent antioxidant properties. Natural antioxidants strengthen the body&#39;s defense mechanisms and protect it from toxins.</p>",
        "description_en": "<p>Incredibly tasty banana-lemon juice. A non-standard, but very successful combination of the acidity of a lemon and the sweetness of a banana. You will definitely appreciate this blend.</p>\r\n\r\n<p>Thanks to the unique complex of biocomponents, the juice has persistent antioxidant properties. Natural antioxidants strengthen the body&#39;s defense mechanisms and protect it from toxins.</p>",
        "description_uk": "<p>Неймовірно смачний бананово-лимонний сік. Нестандартне, але дуже вдале поеднання кислинки лимона та солодкості банана. Ви неодмінно оцінете цей бленд.</p>\r\n\r\n<p>Завдяки унікальному комплексу біокомпонентів сік&nbsp;має стійкі антиоксидантні властивості.&nbsp;Природні антиоксиданти зміцнюють захисні механізми організму та оберігають його від токсинів.</p>",
        "position": 7,
        "is_visible": true,
        "photo": "products/2b4b39c2-0ef6-4ce6-96a7-0dcc47bc6ee4.jpg",
        "category": 3,
        "price": "3.90",
        "unit": "1 liter",
        "unit_en": "1 liter",
        "unit_uk": "1 літр"
    }
},
{
    "model": "main.product",
    "pk": 8,
    "fields": {
        "slug": "orange-juice",
        "name": "Orange Juice",
        "name_en": "Orange Juice",
        "name_uk": "Апельсиновий Сік",
        "description": "<p>Natural orange juice. Made from the tastiest varieties of oranges.</p>\r\n\r\n<p>Thanks to the unique complex of biocomponents, the juice has stable antioxidant properties. Natural antioxidants strengthen the body&#39;s defense mechanisms and protect it from toxins.</p>",
        "description_en": "<p>Natural orange juice. Made from the tastiest varieties of oranges.</p>\r\n\r\n<p>Thanks to the unique complex of biocomponents, the juice has stable antioxidant properties. Natural antioxidants strengthen the body&#39;s defense mechanisms and protect it from toxins.</p>",
        "description_uk": "<p>Натуральний апельсиновій сік. Виробленний з найсмачніших сортів апельсинів.</p>\r\n\r\n<p>Завдяки унікальному комплексу біокомпонентів сік має стійкі антиоксидантні властивості. Природні антиоксиданти зміцнюють захисні механізми організму та оберігають його від токсинів.</p>",
        "position": 8,
        "is_visible": true,
        "photo": "products/8c8687cb-e963-4225-8a72-329ccf4e91b2.jpg",
        "category": 3,
        "price": "3.50",
        "unit": "1 liter",
        "unit_en": "1 liter",
        "unit_uk": "1 літр"
    }
},
{
    "model": "main.product",
    "pk": 9,
    "fields": {
        "slug": "berry-mix-juice",
        "name": "Berry Mix Juice",
        "name_en": "Berry Mix Juice",
        "name_uk": "Ягідний Мікс Сік",
        "description": "<p>An incredible mix of ripe and sweet berries. You will definitely like this unsurpassed taste.</p>\r\n\r\n<p>Thanks to the unique complex of biocomponents, the juice has stable antioxidant properties. Natural antioxidants strengthen the body&#39;s defense mechanisms and protect it from toxins.</p>",
        "description_en": "<p>An incredible mix of ripe and sweet berries. You will definitely like this unsurpassed taste.</p>\r\n\r\n<p>Thanks to the unique complex of biocomponents, the juice has stable antioxidant properties. Natural antioxidants strengthen the body&#39;s defense mechanisms and protect it from toxins.</p>",
        "description_uk": "<p>Неймовірний мікс стиглих та солодких ягід. Вам неодмінно сподобается цей неперевершенний смак.</p>\r\n\r\n<p>Завдяки унікальному комплексу біокомпонентів сік має стійкі антиоксидантні властивості. Природні антиоксиданти зміцнюють захисні механізми організму та оберігають його від токсинів.</p>",
        "position": 9,
        "is_visible": true,
        "photo": "products/aeb7d88f-3f52-40ed-9247-ac69be6de845.jpg",
        "category": 3,
        "price": "4.20",
        "unit": "1 liter",
        "unit_en": "1 liter",
        "unit_uk": "1 літр"
    }
},
{
    "model": "main.product",
    "pk": 10,
    "fields": {
        "slug": "grape-juice",
        "name": "Grape Juice",
        "name_en": "Grape Juice",
        "name_uk": "Виноградний Сік",
        "description": "<p>Grape juice from selected grapes of the best varieties.</p>\r\n\r\n<p>Thanks to the unique complex of biocomponents, the juice has stable antioxidant properties. Natural antioxidants strengthen the body&#39;s defense mechanisms and protect it from toxins.</p>",
        "description_en": "<p>Grape juice from selected grapes of the best varieties.</p>\r\n\r\n<p>Thanks to the unique complex of biocomponents, the juice has stable antioxidant properties. Natural antioxidants strengthen the body&#39;s defense mechanisms and protect it from toxins.</p>",
        "description_uk": "<p>Виногрдний сік з відбірного винограду найкращих сортів.</p>\r\n\r\n<p>Завдяки унікальному комплексу біокомпонентів сік має стійкі антиоксидантні властивості. Природні антиоксиданти зміцнюють захисні механізми організму та оберігають його від токсинів.<br />\r\n&nbsp;</p>",
        "position": 10,
        "is_visible": true,
        "photo": "products/9fb87331-d430-45ba-b148-c311eafc1f40.jpg",
        "category": 3,
        "price": "3.90",
        "unit": "1 liter",
        "unit_en": "1 liter",
        "unit_uk": "1 літр"
    }
},
{
    "model": "main.product",
    "pk": 11,
    "fields": {
        "slug": "kiwi-apple-juice",
        "name": "Kiwi Apple Juice",
        "name_en": "Kiwi Apple Juice",
        "name_uk": "Ківі Яблучний Сік",
        "description": "<p>Delicious and incredibly healthy juice. Thanks to the combination of ripe kiwi and sweet varieties of apples, it has a kilo-sweet taste that perfectly quenches thirst and saturates the body with vitamins.</p>\r\n\r\n<p>Thanks to the unique complex of biocomponents, the juice has stable antioxidant properties. Natural antioxidants strengthen the body&#39;s defense mechanisms and protect it from toxins.</p>",
        "description_en": "<p>Delicious and incredibly healthy juice. Thanks to the combination of ripe kiwi and sweet varieties of apples, it has a kilo-sweet taste that perfectly quenches thirst and saturates the body with vitamins.</p>\r\n\r\n<p>Thanks to the unique complex of biocomponents, the juice has stable antioxidant properties. Natural antioxidants strengthen the body&#39;s defense mechanisms and protect it from toxins.</p>",
        "description_uk": "<p>Смачний та неймовірно корисний сік. Завдяки поеднанню стиглих ківі та солодких сортів яблук, має кило-солодкий смак, який прекрасно втамуе спрагу та насичить організм вітамінами.</p>\r\n\r\n<p>Завдяки унікальному комплексу біокомпонентів сік має стійкі антиоксидантні властивості. Природні антиоксиданти зміцнюють захисні механізми організму та оберігають його від токсинів.</p>",
        "position": 11,
        "is_visible": true,
        "photo": "products/4ee104fb-a597-45f5-9413-f3c49417d342.jpg",
        "category": 3,
        "price": "4.10",
        "unit": "1 liter",
        "unit_en": "1 liter",
        "unit_uk": "1 літр"
    }
},
{
    "model": "main.product",
    "pk": 12,
    "fields": {
        "slug": "orange-lemon-juice",
        "name": "Orange Lemon Juice",
        "name_en": "Orange Lemon Juice",
        "name_uk": "Апельсиново Лимонний Сік",
        "description": "<p>Natural orange juice. Made from the tastiest varieties of oranges and lemons.</p>\r\n\r\n<p>Thanks to the unique complex of biocomponents, the juice has stable antioxidant properties. Natural antioxidants strengthen the body&#39;s defense mechanisms and protect it from toxins.</p>",
        "description_en": "<p>Natural orange juice. Made from the tastiest varieties of oranges and lemons.</p>\r\n\r\n<p>Thanks to the unique complex of biocomponents, the juice has stable antioxidant properties. Natural antioxidants strengthen the body&#39;s defense mechanisms and protect it from toxins.</p>",
        "description_uk": "<p>Натуральний апельсиновій сік. Виробленний з найсмачніших сортів апельсинів та лимонів.</p>\r\n\r\n<p>Завдяки унікальному комплексу біокомпонентів сік має стійкі антиоксидантні властивості. Природні антиоксиданти зміцнюють захисні механізми організму та оберігають його від токсинів.</p>",
        "position": 12,
        "is_visible": true,
        "photo": "products/cfcd4210-25c2-43b3-87b0-391191616efa.jpg",
        "category": 3,
        "price": "3.80",
        "unit": "1 liter",
        "unit_en": "1 liter",
        "unit_uk": "1 літр"
    }
},
{
    "model": "main.promo",
    "pk": 2,
    "fields": {
        "type": "week",
        "type_en": "week",
        "type_uk": "тижня",
        "promo_product": 1,
        "promo_product_en": 1,
        "promo_product_uk": 1,
        "title": "Only this time!",
        "title_en": "Only this time!",
        "title_uk": "Тільки зараз!",
        "description": "<p>Hurry up to buy juicy strawberries at a crazy discount. Selected, sweet, juicy.</p>\r\n\r\n<p>Give yourself pleasure!</p>",
        "description_en": "<p>Hurry up to buy juicy strawberries at a crazy discount. Selected, sweet, juicy.</p>\r\n\r\n<p>Give yourself pleasure!</p>",
        "description_uk": "<p>Встигніть придбати за шаленою знижкою, соковиту полуницю. Відбірна, солодка, соковита.</p>\r\n\r\n<p>Подаруй собі насолоду!</p>",
        "sale_value": 32,
        "end_of_promo": "2022-10-31T00:00:00Z",
        "photo": "promo/371c15b1-61f6-424d-b842-4251be35f297.jpg",
        "position": 1,
        "is_visible": true
    }
},
{
    "model": "main.testimonials",
    "pk": 1,
    "fields": {
        "name": "Jack Stinson",
        "name_en": "Jack Stinson",
        "name_uk": "Джек Стінсон",
        "profession": "Shop owner",
        "profession_en": "Shop owner",
        "profession_uk": "Власник магазину",
        "review": "Great store! Everything is very high quality and convenient!\r\nExcellent service.",
        "review_en": "Great store! Everything is very high quality and convenient!\r\nExcellent service.",
        "review_uk": "Чудовий мгазин! Все дуже якісно та зручно!\r\nВідмінне обслуговування.",
        "position": 1,
        "photo": "testimonials/884dca0d-6640-4a1e-a0a9-96a78a9f28bd.png",
        "is_visible": true
    }
},
{
    "model": "main.testimonials",
    "pk": 2,
    "fields": {
        "name": "Maria Borun",
        "name_en": "Maria Borun",
        "name_uk": "Марія Борун",
        "profession": "Veterinarian",
        "profession_en": "Veterinarian",
        "profession_uk": "Ветеринар",
        "review": "Very high quality berries. Really select and top grade. Very satisfied with the purchase. I recommend this store to everyone.",
        "review_en": "Very high quality berries. Really select and top grade. Very satisfied with the purchase. I recommend this store to everyone.",
        "review_uk": "Дуже якісні ягоди. Дійсно відбірні та вищого сорту. Дуже задоволена покупкою. Всім рекомендую цей магазин.",
        "position": 2,
        "photo": "testimonials/7da0c977-aac4-4a8b-8c49-653c03b8903e.png",
        "is_visible": true
    }
},
{
    "model": "main.testimonials",
    "pk": 3,
    "fields": {
        "name": "Ross Green",
        "name_en": "Ross Green",
        "name_uk": "Рос Грін",
        "profession": "Actor",
        "profession_en": "Actor",
        "profession_uk": "Актор",
        "review": "I recommend this store. I bought juice, really very high quality. Satisfied with the service.",
        "review_en": "I recommend this store. I bought juice, really very high quality. Satisfied with the service.",
        "review_uk": "Рекомендую цей магазин. Купував сік, дійсно дуже якісний. Задоволений обслуговуванням.",
        "position": 3,
        "photo": "testimonials/0dcea56d-6525-4c51-b5d2-aaf44b36081e.png",
        "is_visible": true
    }
},
{
    "model": "main.about",
    "pk": 3,
    "fields": {
        "title_line_1": "Only the best",
        "title_line_1_en": "Only the best",
        "title_line_1_uk": "Тільки краще",
        "title_line_2": "Buy in Juicy&Sweet",
        "title_line_2_en": "Buy in Juicy&Sweet",
        "title_line_2_uk": "Купуй у Juicy&Sweet",
        "paragraph_1": "We offer only the best products from local farmers and verified importers.\r\nOur goal is quality service and your shopping satisfaction.",
        "paragraph_1_en": "We offer only the best products from local farmers and verified importers.\r\nOur goal is quality service and your shopping satisfaction.",
        "paragraph_1_uk": "Ми пропонуемо тільки кращі продукти місцевих фермерів та перевірених імпортерів.\r\nНашою метою є якісний сервіс та ваше задоволення від покупок.",
        "paragraph_2": "All fruits and berries presented in our store are selected and only of the best varieties.",
        "paragraph_2_en": "All fruits and berries presented in our store are selected and only of the best varieties.",
        "paragraph_2_uk": "Всі представлені у нашому магазині фрукти та ягоди є відбірними та тільки найкращих сортів.",
        "video_link": "https://www.youtube.com/watch?v=CSpQeaKk9I8",
        "photo": "about/43b076cf-015f-47aa-9a6a-be6344abb787.jpg"
    }
},
{
    "model": "main.whyus",
    "pk": 1,
    "fields": {
        "delivery_title": "Home delivery",
        "delivery_title_en": "Home delivery",
        "delivery_title_uk": "Персональна доставка",
        "delivery_text": "Our couriers will deliver the ordered goods at a time convenient for you.",
        "delivery_text_en": "Our couriers will deliver the ordered goods at a time convenient for you.",
        "delivery_text_uk": "Наші курьери доставлять замовлений товар у зручний для вас час.",
        "price_title": "Wholesale prices",
        "price_title_en": "Wholesale prices",
        "price_title_uk": "Оптові ціни",
        "price_text": "We have low prices due to the fact that we work without intermediaries. All goods are from local farmers and direct deliveries from partners.",
        "price_text_en": "We have low prices due to the fact that we work without intermediaries. All goods are from local farmers and direct deliveries from partners.",
        "price_text_uk": "Маємо низькі ціни за рахунок того, що працюемо без посередників. Весь товар від місцевих фермерів та прямі поставки від партнерів.",
        "service_title": "Customer support",
        "service_title_en": "Customer support",
        "service_title_uk": "Підтримка кліента",
        "service_text": "We will be happy to answer all your questions.\r\nThe main thing for us is the best service and convenience for the client!",
        "service_text_en": "We will be happy to answer all your questions.\r\nThe main thing for us is the best service and convenience for the client!",
        "service_text_uk": "Ми будемо раді відповісти на всі ваші питання.\r\nГоловне для нас - найкращий сервіс та зручність для клієнта!",
        "refund_title": "Refunds",
        "refund_title_en": "Refunds",
        "refund_title_uk": "Повернення коштів",
        "refund_text": "We will always issue a refund if you receive damaged products.",
        "refund_text_en": "We will always issue a refund if you receive damaged products.",
        "refund_text_uk": "Ми завжди повернемо кошти, якщо ви отримаете неякісний товар.",
        "photo": "whyus/8a9ceae6-6bba-4e70-b2d1-1e2cd386438f.jpg"
    }
},
{
    "model": "main.partners",
    "pk": 1,
    "fields": {
        "name": "logo1",
        "photo": "partners_logos/2f11211b-c915-4615-b407-85a19048e909.png",
        "is_visible": true
    }
},
{
    "model": "main.partners",
    "pk": 2,
    "fields": {
        "name": "logo2",
        "photo": "partners_logos/39702f43-1129-4f51-bd0e-d6847d2a23e1.png",
        "is_visible": true
    }
},
{
    "model": "main.partners",
    "pk": 3,
    "fields": {
        "name": "logo3",
        "photo": "partners_logos/5ff3c889-1020-42a0-be1f-c044213dbf5f.png",
        "is_visible": true
    }
},
{
    "model": "main.partners",
    "pk": 4,
    "fields": {
        "name": "logo4",
        "photo": "partners_logos/1c2f0861-2967-49d0-87e3-8aa81a367332.png",
        "is_visible": true
    }
},
{
    "model": "main.partners",
    "pk": 5,
    "fields": {
        "name": "logo5",
        "photo": "partners_logos/7c490182-f368-4437-9bd6-38eabce18e41.png",
        "is_visible": true
    }
},
{
    "model": "main.banner",
    "pk": 1,
    "fields": {
        "name": "Banner_1",
        "banner_image": "Banner/d87748f8-dcce-4bb9-8626-a14fa23a9bb7.jpg",
        "is_visible": true
    }
},
{
    "model": "main.info",
    "pk": 1,
    "fields": {
        "brand_name": "Juicy&Sweet",
        "brand_logo": "logo/e99a19e5-fca7-49f4-b33a-9796c4b3ec5e.png",
        "main_title_line_1": "FRESH & ORGANIC",
        "main_title_line_1_en": "FRESH & ORGANIC",
        "main_title_line_1_uk": "СВІЖІ ТА НАТУРАЛЬНІ",
        "main_title_line_2": "Delicious Juicy Fruits",
        "main_title_line_2_en": "Delicious Juicy Fruits",
        "main_title_line_2_uk": "Соковиті Фрукти",
        "about_title_line_1": "WE SALE FRESH FRUITS",
        "about_title_line_1_en": "WE SALE FRESH FRUITS",
        "about_title_line_1_uk": "В НАС ТІЛЬКИ СВІЖІ ПРОДУКТИ",
        "about_title_line_2": "About Us",
        "about_title_line_2_en": "About Us",
        "about_title_line_2_uk": "Про нас",
        "contact_title_line_1": "GET 24/7 SUPPORT",
        "contact_title_line_1_en": "GET 24/7 SUPPORT",
        "contact_title_line_1_uk": "ЦІЛОДОБОВА ПІДТРИМКА",
        "contact_title_line_2": "Contact us",
        "contact_title_line_2_en": "Contact us",
        "contact_title_line_2_uk": "Контакти",
        "shop_title_line_1": "FRESH AND ORGANIC",
        "shop_title_line_1_en": "FRESH AND ORGANIC",
        "shop_title_line_1_uk": "СВІЖІ ТА НАТУРАЛЬНІ",
        "shop_title_line_2": "Shop",
        "shop_title_line_2_en": "Shop",
        "shop_title_line_2_uk": "Наш асортимент",
        "our_team_title": "Lorem ipsum dolor sit amet, consectetur adipisicing elit. Aliquid, fuga quas itaque eveniet beatae optio.",
        "our_team_title_en": "Lorem ipsum dolor sit amet, consectetur adipisicing elit. Aliquid, fuga quas itaque eveniet beatae optio.",
        "our_team_title_uk": "",
        "related_prod_title": "Choose the best. Only fresh and juicy. Selected products only of the highest grade",
        "related_prod_title_en": "Choose the best. Only fresh and juicy. Selected products only of the highest grade",
        "related_prod_title_uk": "Обирай найкраще. Тільки свіже й соковите. Відбірні продукти тільки вищого сорту"
    }
},
{
    "model": "main.contacts",
    "pk": 1,
    "fields": {
        "text": "<h2>Do you have a question?</h2>\r\n\r\n<p>You can contact our team and we will definitely help you.</p>",
        "text_en": "<h2>Do you have a question?</h2>\r\n\r\n<p>You can contact our team and we will definitely help you.</p>",
        "text_uk": "<h2>У вас є питання?</h2>\r\n\r\n<p>Можете звернутися до нашої команди і ми обов&#39;язково вам допоможемо.</p>",
        "address": "<p>2, Bessarabska Square,</p>\r\n\r\n<p>Kyiv</p>\r\n\r\n<p>Ukraine</p>",
        "address_en": "<p>2, Bessarabska Square,</p>\r\n\r\n<p>Kyiv</p>\r\n\r\n<p>Ukraine</p>",
        "address_uk": "<p>Бессарабська площа, 2</p>\r\n\r\n<p>м. Київ</p>\r\n\r\n<p>Україна</p>",
        "open_hours": "<p>MON - FRIDAY: 8 to 9 PM<br />\r\nSAT - SUN: 10 to 8 PM</p>",
        "open_hours_en": "<p>MON - FRIDAY: 8 to 9 PM<br />\r\nSAT - SUN: 10 to 8 PM</p>",
        "open_hours_uk": "<p>ПОНЕДІЛОК - П&#39;ЯТНИЦЯ: з 8 до 21<br />\r\nСУБОТА - НЕДІЛЯ: з 10 до 20</p>",
        "contact": "<p>Phone: +38 044 222 3333<br />\r\nEmail: support@fruitkha.com</p>\r\n\r\n<p>&nbsp;</p>",
        "contact_en": "<p>Phone: +38 044 222 3333<br />\r\nEmail: support@fruitkha.com</p>\r\n\r\n<p>&nbsp;</p>",
        "contact_uk": "<p>Телефон: +38 044 222 3333</p>\r\n\r\n<p>Email: support@JuicySweet.com</p>",
        "about_short": "We offer only the best products from local farmers and verified importers. Our goal is quality service and your shopping satisfaction.",
        "about_short_en": "We offer only the best products from local farmers and verified importers. Our goal is quality service and your shopping satisfaction.",
        "about_short_uk": "Ми пропонуемо тільки кращі продукти місцевих фермерів та перевірених імпортерів. Нашою метою є якісний сервіс та ваше задоволення від покупок.",
        "subscribe_text": "Subscribe to our mailing list to get the latest updates.",
        "subscribe_text_en": "Subscribe to our mailing list to get the latest updates.",
        "subscribe_text_uk": "Підпишіться на наш список розсилки, щоб отримувати останні оновлення.",
        "facebook": "https://www.facebook.com",
        "instagram": "https://www.instagram.com",
        "linkedin": "https://www.linkedin.com"
    }
},
{
    "model": "main.usermessage",
    "pk": 10,
    "fields": {
        "name": "name",
        "phone": "0992935633",
        "email": "mail@mail.com",
        "subject": "Some subject",
        "message": "asdadasdasdasd",
        "is_processed": false,
        "date": "2022-11-01T10:41:40.879Z"
    }
},
{
    "model": "main.usermessage",
    "pk": 11,
    "fields": {
        "name": "name",
        "phone": "0992935633",
        "email": "mail@mail.com",
        "subject": "Some subject",
        "message": "xs",
        "is_processed": false,
        "date": "2022-11-01T10:56:00.999Z"
    }
},
{
    "model": "main.usermessage",
    "pk": 12,
    "fields": {
        "name": "name",
        "phone": "099 293 5633",
        "email": "mail@mail.com",
        "subject": "Some subject",
        "message": "xs",
        "is_processed": false,
        "date": "2022-11-01T10:56:13.527Z"
    }
},
{
    "model": "main.usermessage",
    "pk": 13,
    "fields": {
        "name": "name",
        "phone": "0992935633",
        "email": "mail@mail.com",
        "subject": "Some subject",
        "message": "sdssb",
        "is_processed": false,
        "date": "2022-11-01T10:58:02.715Z"
    }
},
{
    "model": "main.usermessage",
    "pk": 14,
    "fields": {
        "name": "name",
        "phone": "0992935633",
        "email": "mail@mail.com",
        "subject": "Some subject",
        "message": "sdssb",
        "is_processed": false,
        "date": "2022-11-01T10:58:18.859Z"
    }
},
{
    "model": "main.usermessage",
    "pk": 15,
    "fields": {
        "name": "name",
        "phone": "0992935633",
        "email": "mail@mail.com",
        "subject": "Some subject",
        "message": "dsfsdf",
        "is_processed": false,
        "date": "2022-11-15T13:25:39.229Z"
    }
},
{
    "model": "orders.order",
    "pk": 4,
    "fields": {
        "name": "name",
        "email": "mail@mail.com",
        "address": "11 Bonemilchstraße",
        "phone": "0992935633",
        "shipping_address": "11 Bonemilchstraße",
        "comment": "ljl;k",
        "created": "2022-11-19T20:23:43.141Z",
        "updated": "2022-11-19T20:24:30.922Z",
        "checked": true
    }
},
{
    "model": "orders.order",
    "pk": 5,
    "fields": {
        "name": "name",
        "email": "mail@mail.com",
        "address": "11 Bonemilchstraße",
        "phone": "0992935633",
        "shipping_address": "11 Bonemilchstraße",
        "comment": "ghjghk",
        "created": "2022-11-19T20:28:03.561Z",
        "updated": "2022-11-19T20:28:03.561Z",
        "checked": false
    }
},
{
    "model": "orders.order",
    "pk": 6,
    "fields": {
        "name": "name",
        "email": "mail@mail.com",
        "address": "11 Bonemilchstraße",
        "phone": "0992935633",
        "shipping_address": "11 Bonemilchstraße",
        "comment": "ghjghk",
        "created": "2022-11-19T20:29:57.114Z",
        "updated": "2022-11-19T20:29:57.114Z",
        "checked": false
    }
},
{
    "model": "orders.order",
    "pk": 7,
    "fields": {
        "name": "name",
        "email": "mail@mail.com",
        "address": "11 Bonemilchstraße",
        "phone": "0992935633",
        "shipping_address": "11 Bonemilchstraße",
        "comment": "fgj",
        "created": "2022-11-19T20:31:30.323Z",
        "updated": "2022-11-19T20:31:30.323Z",
        "checked": false
    }
},
{
    "model": "orders.order",
    "pk": 8,
    "fields": {
        "name": "name",
        "email": "mail@mail.com",
        "address": "11 Bonemilchstraße",
        "phone": "0992935633",
        "shipping_address": "11 Bonemilchstraße",
        "comment": "dfgd",
        "created": "2022-11-20T13:18:55.475Z",
        "updated": "2022-11-20T13:18:55.475Z",
        "checked": false
    }
},
{
    "model": "orders.order",
    "pk": 9,
    "fields": {
        "name": "name",
        "email": "mail@mail.com",
        "address": "11 Bonemilchstraße",
        "phone": "0992935633",
        "shipping_address": "11 Bonemilchstraße",
        "comment": "fgdf",
        "created": "2022-11-20T13:22:55.821Z",
        "updated": "2022-11-20T13:22:55.821Z",
        "checked": false
    }
},
{
    "model": "orders.order",
    "pk": 10,
    "fields": {
        "name": "name5",
        "email": "mail@mail.com",
        "address": "11 Bonemilchstraße",
        "phone": "0992935633",
        "shipping_address": "11 Bonemilchstraße",
        "comment": "sgg",
        "created": "2022-11-20T13:36:20.343Z",
        "updated": "2022-11-20T13:36:20.343Z",
        "checked": false
    }
},
{
    "model": "orders.order",
    "pk": 11,
    "fields": {
        "name": "name",
        "email": "mail@mail.com",
        "address": "11 Bonemilchstraße",
        "phone": "0992935633",
        "shipping_address": "11 Bonemilchstraße",
        "comment": "fdfh",
        "created": "2022-11-20T14:06:08.839Z",
        "updated": "2022-11-20T14:17:36.300Z",
        "checked": true
    }
},
{
    "model": "orders.order",
    "pk": 12,
    "fields": {
        "name": "name",
        "email": "mail@mail.com",
        "address": "11 Bonemilchstraße",
        "phone": "0992935633",
        "shipping_address": "11 Bonemilchstraße",
        "comment": "цукцук",
        "created": "2022-11-20T14:52:34.763Z",
        "updated": "2022-11-20T14:52:34.763Z",
        "checked": false
    }
},
{
    "model": "orders.order",
    "pk": 13,
    "fields": {
        "name": "Salads",
        "email": "mail@mail.com",
        "address": "11 Bonemilchstraße",
        "phone": "0992935633",
        "shipping_address": "11 Bonemilchstraße",
        "comment": "ertert",
        "created": "2022-11-20T14:59:22.496Z",
        "updated": "2022-11-20T14:59:22.496Z",
        "checked": false
    }
},
{
    "model": "orders.order",
    "pk": 14,
    "fields": {
        "name": "Salads",
        "email": "mail@mail.com",
        "address": "11 Bonemilchstraße",
        "phone": "0992935633",
        "shipping_address": "11 Bonemilchstraße",
        "comment": "qwe",
        "created": "2022-11-20T15:02:06.277Z",
        "updated": "2022-11-20T15:02:06.277Z",
        "checked": false
    }
},
{
    "model": "orders.order",
    "pk": 15,
    "fields": {
        "name": "name",
        "email": "mail@mail.com",
        "address": "11 Bonemilchstraße",
        "phone": "0992935633",
        "shipping_address": "11 Bonemilchstraße",
        "comment": "qwe",
        "created": "2022-11-20T15:03:05.610Z",
        "updated": "2022-11-20T15:03:05.610Z",
        "checked": false
    }
},
{
    "model": "orders.order",
    "pk": 16,
    "fields": {
        "name": "name",
        "email": "mail@mail.com",
        "address": "11 Bonemilchstraße",
        "phone": "0992935633",
        "shipping_address": "11 Bonemilchstraße",
        "comment": "qwe",
        "created": "2022-11-20T15:29:04.032Z",
        "updated": "2022-11-20T15:29:04.032Z",
        "checked": false
    }
},
{
    "model": "orders.orderitem",
    "pk": 11,
    "fields": {
        "order": 4,
        "product": 2,
        "price": "4.40",
        "quantity": 2
    }
},
{
    "model": "orders.orderitem",
    "pk": 12,
    "fields": {
        "order": 4,
        "product": 8,
        "price": "3.50",
        "quantity": 1
    }
},
{
    "model": "orders.orderitem",
    "pk": 13,
    "fields": {
        "order": 5,
        "product": 5,
        "price": "4.95",
        "quantity": 2
    }
},
{
    "model": "orders.orderitem",
    "pk": 14,
    "fields": {
        "order": 7,
        "product": 2,
        "price": "4.40",
        "quantity": 1
    }
},
{
    "model": "orders.orderitem",
    "pk": 15,
    "fields": {
        "order": 8,
        "product": 3,
        "price": "4.00",
        "quantity": 2
    }
},
{
    "model": "orders.orderitem",
    "pk": 16,
    "fields": {
        "order": 9,
        "product": 8,
        "price": "3.50",
        "quantity": 2
    }
},
{
    "model": "orders.orderitem",
    "pk": 17,
    "fields": {
        "order": 10,
        "product": 1,
        "price": "6.00",
        "quantity": 2
    }
},
{
    "model": "orders.orderitem",
    "pk": 18,
    "fields": {
        "order": 11,
        "product": 5,
        "price": "4.95",
        "quantity": 2
    }
},
{
    "model": "orders.orderitem",
    "pk": 19,
    "fields": {
        "order": 12,
        "product": 1,
        "price": "6.00",
        "quantity": 2
    }
},
{
    "model": "orders.orderitem",
    "pk": 20,
    "fields": {
        "order": 13,
        "product": 1,
        "price": "6.00",
        "quantity": 1
    }
},
{
    "model": "orders.orderitem",
    "pk": 21,
    "fields": {
        "order": 14,
        "product": 7,
        "price": "3.90",
        "quantity": 1
    }
},
{
    "model": "orders.orderitem",
    "pk": 22,
    "fields": {
        "order": 15,
        "product": 4,
        "price": "6.30",
        "quantity": 1
    }
},
{
    "model": "orders.orderitem",
    "pk": 23,
    "fields": {
        "order": 16,
        "product": 1,
        "price": "6.00",
        "quantity": 3
    }
}
]
